Workbook

Sheet Read Me
A1: AGRISPIKE — WATER & YIELD IMPACT ESTIMATOR
A3: Smart India Hackathon 2026 | Problem Statement ID: SIH26210 | Team: SenseiSquad
A5: PURPOSE
A6: This workbook estimates the water saved and yield improvement expected from AgriSpike's zone-based precision irrigation, compared against conventional uniform-field irrigation. It gives every claimed percentage a traceable, re-runnable calculation, rather than an unsupported number, so that reviewers can see exactly how each figure was produced and change the inputs themselves.
A8: METHODOLOGY (simplified, adapted from established agronomic references)
A9: 1. Crop water requirement is estimated using the FAO Penman-Monteith crop-coefficient approach (FAO Irrigation & Drainage Paper 56): seasonal ETc = Kc x ET0 x season length, net of effective rainfall.
A10: 2. Each of the 9 AgriSpike zones has its own measured soil-moisture reading (as a % of field capacity), representing real zone-to-zone variability that a uniform irrigation approach cannot see.
A11: 3. UNIFORM scenario: conventional practice applies one flat depth of water to the whole field. Because farmers cannot see zone variability without sensors, they conventionally apply more than the field's true average need as a safety margin (the 'over-irrigation safety factor' input below) to avoid visibly damaging the driest-looking areas. This still leaves the zones that need more than that flat depth under-watered (yield loss via the FAO-33 yield-response-factor method), while zones needing less are over-watered (wasted water).
A12: 4. PRECISION scenario (AgriSpike): each zone receives exactly the depth its own sensor reading indicates it needs — no zone is over- or under-watered.
A13: 5. Yield impact uses the FAO Irrigation & Drainage Paper 33 (Doorenbos & Kassam) yield-response-factor (Ky) method: relative yield loss = Ky x (remaining water deficit / total available water).
A15: HOW TO USE THIS WORKBOOK
A16: Go to the 'Inputs' tab. Every YELLOW cell is meant to be edited — replace the example values with your actual crop, climate, and real sensor-zone readings. Every other sheet recalculates automatically. Do not edit cells outside the yellow cells; they contain the formulas that make this defensible.
... A24: Also consistent with the precision-irrigation literature already cited in your SIH presentation (Soussi et al. 2024; Khoa et al. 2019; Sensors 23(5) 2725; Sensors 21(21) 7041).

Sheet Inputs
A1: INPUTS — edit only the YELLOW cells
A3: CROP & SEASON ASSUMPTIONS
A4: Crop name | B4: Tomato | C4: Example — replace with your target crop
A5: Reference ET0 (mm/day, seasonal average) | B5: 5 | C5: From local climate data / weather station / CROPWAT climate database
A6: Crop coefficient Kc (season average) | B6: 0.9 | C6: FAO-56 crop coefficient tables give per-stage values; use a season-average here
A7: Season length (days) | B7: 100 | C7: Full crop cycle length
A8: Effective rainfall over season (mm) | B8: 150 | C8: Rainfall that actually infiltrates and is usable by the crop
A9: Root-zone Total Available Water, TAW (mm) | B9: 80 | C9: Depends on soil type and root depth — a soil-test or standard reference table value
A10: Yield Response Factor, Ky (FAO-33, crop-specific) | B10: 1.05 | C10: Example for a moisture-sensitive vegetable crop — look up your crop in FAO-33 tables
A11: Conventional over-irrigation safety factor | B11: 1.4 | C11: How much more than the true average need conventional flat-rate irrigation typically applies (literature range: 1.2-1.6)
A12: Total field area (acres) | B12: 1 | C12: Total area across all 9 zones
A13: Expected yield with zero water stress (tons/acre) | B13: 40 | C13: Reference/potential yield for this crop under ideal water conditions
A16: ZONE-LEVEL SOIL MOISTURE READINGS (from your AgriSpike sensor nodes)
A17: Zone | B17: Moisture (% of field capacity) | C17: Note
A18: Zone 1 | B18: 85 | C18: Example placeholder — replace with real sensor reading
A19: Zone 2 | B19: 60 | C19: Example placeholder — replace with real sensor reading
A20: Zone 3 | B20: 45 | C20: Example placeholder — replace with real sensor reading
A21: Zone 4 | B21: 90 | C21: Example placeholder — replace with real sensor reading
A22: Zone 5 | B22: 70 | C22: Example placeholder — replace with real sensor reading
A23: Zone 6 | B23: 55 | C23: Example placeholder — replace with real sensor reading
A24: Zone 7 | B24: 40 | C24: Example placeholder — replace with real sensor reading
A25: Zone 8 | B25: 65 | C25: Example placeholder — replace with real sensor reading
A26: Zone 9 | B26: 75 | C26: Example placeholder — replace with real sensor reading

Sheet Calculations
A1: Zone | B1: Moisture (%FC) | C1: Deficit (mm) | D1: Uniform Applied (mm) | E1: Remaining Deficit After Uniform (mm) | F1: ETa/ETc (Uniform) | G1: Yield Ratio (Uniform) | H1: Precision Applied (mm) | I1: Yield Ratio (Precision)
A2: Zone 1 | B2: =Inputs!B18 -> 85 | C2: =(1-B2/100)*Inputs!$B$9 -> 12 | D2: =AVERAGE(C2:C10)*Inputs!$B$11 -> 39.2 | E2: =MAX(C2-D2,0) -> 0 | F2: =1-(E2/Inputs!$B$9) -> 1 | G2: =MAX(1-Inputs!$B$10*(E2/Inputs!$B$9),0) -> 1 | H2: =C2 -> 12 | I2: 1
A3: Zone 2 | B3: =Inputs!B19 -> 60 | C3: =(1-B3/100)*Inputs!$B$9 -> 32 | D3: =AVERAGE(C2:C10)*Inputs!$B$11 -> 39.2 | E3: =MAX(C3-D3,0) -> 0 | F3: =1-(E3/Inputs!$B$9) -> 1 | G3: =MAX(1-Inputs!$B$10*(E3/Inputs!$B$9),0) -> 1 | H3: =C3 -> 32 | I3: 1
A4: Zone 3 | B4: =Inputs!B20 -> 45 | C4: =(1-B4/100)*Inputs!$B$9 -> 44 | D4: =AVERAGE(C2:C10)*Inputs!$B$11 -> 39.2 | E4: =MAX(C4-D4,0) -> 4.8 | F4: =1-(E4/Inputs!$B$9) -> 0.94 | G4: =MAX(1-Inputs!$B$10*(E4/Inputs!$B$9),0) -> 0.937 | H4: =C4 -> 44 | I4: 1
A5: Zone 4 | B5: =Inputs!B21 -> 90 | C5: =(1-B5/100)*Inputs!$B$9 -> 8 | D5: =AVERAGE(C2:C10)*Inputs!$B$11 -> 39.2 | E5: =MAX(C5-D5,0) -> 0 | F5: =1-(E5/Inputs!$B$9) -> 1 | G5: =MAX(1-Inputs!$B$10*(E5/Inputs!$B$9),0) -> 1 | H5: =C5 -> 8 | I5: 1
A6: Zone 5 | B6: =Inputs!B22 -> 70 | C6: =(1-B6/100)*Inputs!$B$9 -> 24 | D6: =AVERAGE(C2:C10)*Inputs!$B$11 -> 39.2 | E6: =MAX(C6-D6,0) -> 0 | F6: =1-(E6/Inputs!$B$9) -> 1 | G6: =MAX(1-Inputs!$B$10*(E6/Inputs!$B$9),0) -> 1 | H6: =C6 -> 24 | I6: 1
A7: Zone 6 | B7: =Inputs!B23 -> 55 | C7: =(1-B7/100)*Inputs!$B$9 -> 36 | D7: =AVERAGE(C2:C10)*Inputs!$B$11 -> 39.2 | E7: =MAX(C7-D7,0) -> 0 | F7: =1-(E7/Inputs!$B$9) -> 1 | G7: =MAX(1-Inputs!$B$10*(E7/Inputs!$B$9),0) -> 1 | H7: =C7 -> 36 | I7: 1
A8: Zone 7 | B8: =Inputs!B24 -> 40 | C8: =(1-B8/100)*Inputs!$B$9 -> 48 | D8: =AVERAGE(C2:C10)*Inputs!$B$11 -> 39.2 | E8: =MAX(C8-D8,0) -> 8.8 | F8: =1-(E8/Inputs!$B$9) -> 0.89 | G8: =MAX(1-Inputs!$B$10*(E8/Inputs!$B$9),0) -> 0.8845 | H8: =C8 -> 48 | I8: 1
A9: Zone 8 | B9: =Inputs!B25 -> 65 | C9: =(1-B9/100)*Inputs!$B$9 -> 28 | D9: =AVERAGE(C2:C10)*Inputs!$B$11 -> 39.2 | E9: =MAX(C9-D9,0) -> 0 | F9: =1-(E9/Inputs!$B$9) -> 1 | G9: =MAX(1-Inputs!$B$10*(E9/Inputs!$B$9),0) -> 1 | H9: =C9 -> 28 | I9: 1
A10: Zone 9 | B10: =Inputs!B26 -> 75 | C10: =(1-B10/100)*Inputs!$B$9 -> 20 | D10: =AVERAGE(C2:C10)*Inputs!$B$11 -> 39.2 | E10: =MAX(C10-D10,0) -> 0 | F10: =1-(E10/Inputs!$B$9) -> 1 | G10: =MAX(1-Inputs!$B$10*(E10/Inputs!$B$9),0) -> 1 | H10: =C10 -> 20 | I10: 1
A12: TOTAL / AVERAGE | C12: =SUM(C2:C10) -> 252 | D12: =SUM(D2:D10) -> 352.8 | F12: =AVERAGE(F2:F10) -> 0.98111111 | G12: =AVERAGE(G2:G10) -> 0.98016667 | H12: =SUM(H2:H10) -> 252 | I12: =AVERAGE(I2:I10) -> 1

Sheet Results Summary
A1: RESULTS SUMMARY
A3: WATER USE
A4: Total water applied — Uniform irrigation (mm-equivalent depth over field) | B4: =Calculations!D12 -> 352.8 | C4: Flat depth x field area
A5: Total water applied — AgriSpike precision irrigation (mm-equivalent depth over field) | B5: =Calculations!C12 -> 252 | C5: Sum of each zone's actual measured need
A6: Total water volume — Uniform (liters) | B6: =Calculations!D12*Inputs!$B$12*4046.86 -> 1427732.2 | C6: 1 mm depth over 1 acre = 4,046.86 liters
A7: Total water volume — AgriSpike precision (liters) | B7: =Calculations!C12*Inputs!$B$12*4046.86 -> 1019808.7
A8: WATER SAVED (%) | B8: =1-(Calculations!C12/Calculations!D12) -> 0.28571429 | C8: Headline water-saving figure for your report
A10: YIELD
A11: Average yield ratio — Uniform irrigation | B11: =Calculations!G12 -> 0.98016667 | C11: 1.0 = no water-stress yield loss
A12: Average yield ratio — AgriSpike precision | B12: =Calculations!I12 -> 1 | C12: Matched-need irrigation removes water-stress yield loss
A13: YIELD IMPROVEMENT (%) | B13: 0.21 | C13: Headline yield-improvement figure for your report
A14: Estimated yield — Uniform (tons, whole field) | B14: =Inputs!$B$13*Calculations!G12*Inputs!$B$12 -> 39.206667
A15: Estimated yield — AgriSpike precision (tons, whole field) | B15: =Inputs!$B$13*Calculations!I12*Inputs!$B$12 -> 40
A17: Pending field validation
A20: Chart data (auto-filled)
A21: Scenario | B21: Water Volume (L) | C21: Yield Ratio
A22: Uniform | B22: =B6 -> 1427732.2 | C22: =B11 -> 0.98016667
A23: AgriSpike Precision | B23: =B7 -> 1019808.7 | C23: =B12 -> 1
